{
  "Total" : {
    "transaction" : "Total",
    "sampleCount" : 30,
    "errorCount" : 0,
    "errorPct" : 0.0,
    "meanResTime" : 824.5000000000001,
    "medianResTime" : 762.0,
    "minResTime" : 701.0,
    "maxResTime" : 2012.0,
    "pct1ResTime" : 936.1000000000001,
    "pct2ResTime" : 1644.5999999999995,
    "pct3ResTime" : 2012.0,
    "throughput" : 0.6051315152493142,
    "receivedKBytesPerSec" : 3.862244016762143,
    "sentKBytesPerSec" : 0.10026430379619171
  },
  "PERF-11b · GET /products/search" : {
    "transaction" : "PERF-11b · GET /products/search",
    "sampleCount" : 10,
    "errorCount" : 0,
    "errorPct" : 0.0,
    "meanResTime" : 752.7,
    "medianResTime" : 762.5,
    "minResTime" : 727.0,
    "maxResTime" : 774.0,
    "pct1ResTime" : 773.4,
    "pct2ResTime" : 774.0,
    "pct3ResTime" : 774.0,
    "throughput" : 0.2395898222243519,
    "receivedKBytesPerSec" : 1.3774075033542574,
    "sentKBytesPerSec" : 0.04234937287364033
  },
  "PERF-11c · GET /brands" : {
    "transaction" : "PERF-11c · GET /brands",
    "sampleCount" : 10,
    "errorCount" : 0,
    "errorPct" : 0.0,
    "meanResTime" : 760.0999999999999,
    "medianResTime" : 762.5,
    "minResTime" : 701.0,
    "maxResTime" : 803.0,
    "pct1ResTime" : 801.9,
    "pct2ResTime" : 803.0,
    "pct3ResTime" : 803.0,
    "throughput" : 0.24364690690251686,
    "receivedKBytesPerSec" : 0.13514789367248983,
    "sentKBytesPerSec" : 0.03878363850108423
  },
  "PERF-11a · GET /products" : {
    "transaction" : "PERF-11a · GET /products",
    "sampleCount" : 10,
    "errorCount" : 0,
    "errorPct" : 0.0,
    "meanResTime" : 960.7,
    "medianResTime" : 758.0,
    "minResTime" : 719.0,
    "maxResTime" : 2012.0,
    "pct1ResTime" : 1945.2000000000003,
    "pct2ResTime" : 2012.0,
    "pct3ResTime" : 2012.0,
    "throughput" : 0.22881200805418267,
    "receivedKBytesPerSec" : 2.9388042284459086,
    "sentKBytesPerSec" : 0.03686912239154311
  }
}