{
  "PERF-03a · POST /api/login" : {
    "transaction" : "PERF-03a · POST /api/login",
    "sampleCount" : 109,
    "errorCount" : 0,
    "errorPct" : 0.0,
    "meanResTime" : 77.46788990825691,
    "medianResTime" : 77.0,
    "minResTime" : 62.0,
    "maxResTime" : 146.0,
    "pct1ResTime" : 86.0,
    "pct2ResTime" : 87.0,
    "pct3ResTime" : 146.0,
    "throughput" : 3.9306191626699363,
    "receivedKBytesPerSec" : 0.5872897772348635,
    "sentKBytesPerSec" : 0.9250773615268111
  },
  "PERF-03b · GET /api/products" : {
    "transaction" : "PERF-03b · GET /api/products",
    "sampleCount" : 103,
    "errorCount" : 0,
    "errorPct" : 0.0,
    "meanResTime" : 50.86407766990292,
    "medianResTime" : 51.0,
    "minResTime" : 37.0,
    "maxResTime" : 63.0,
    "pct1ResTime" : 60.60000000000001,
    "pct2ResTime" : 61.8,
    "pct3ResTime" : 63.0,
    "throughput" : 3.819058212829069,
    "receivedKBytesPerSec" : 4.874520590007416,
    "sentKBytesPerSec" : 0.7198029639414164
  },
  "Total" : {
    "transaction" : "Total",
    "sampleCount" : 308,
    "errorCount" : 0,
    "errorPct" : 0.0,
    "meanResTime" : 74.75974025974024,
    "medianResTime" : 77.0,
    "minResTime" : 37.0,
    "maxResTime" : 146.0,
    "pct1ResTime" : 101.0,
    "pct2ResTime" : 104.0,
    "pct3ResTime" : 131.02000000000055,
    "throughput" : 10.875706214689265,
    "receivedKBytesPerSec" : 5.880099366613701,
    "sentKBytesPerSec" : 2.360681221310028
  },
  "PERF-03c · POST /api/orders" : {
    "transaction" : "PERF-03c · POST /api/orders",
    "sampleCount" : 96,
    "errorCount" : 0,
    "errorPct" : 0.0,
    "meanResTime" : 97.32291666666664,
    "medianResTime" : 97.0,
    "minResTime" : 86.0,
    "maxResTime" : 133.0,
    "pct1ResTime" : 104.3,
    "pct2ResTime" : 108.29999999999998,
    "pct3ResTime" : 133.0,
    "throughput" : 3.759692958408397,
    "receivedKBytesPerSec" : 0.7351946791532858,
    "sentKBytesPerSec" : 0.8532970132959975
  }
}